{"cameraMode":{"drawMode":0,"name":"Shaded","section":"Shading Mode"},"sceneLighting":false,"audioPlay":false,"sceneViewState":{"m_AlwaysRefresh":false,"showFog":true,"showSkybox":false,"showFlares":true,"showImageEffects":true,"showParticleSystems":true,"showVisualEffectGraphs":true,"m_FxEnabled":true},"in2DMode":false,"pivot":{"x":0.2362479865550995,"y":-0.13385480642318726,"z":0.6744145750999451},"rotation":{"x":0.20184370875358582,"y":0.7331087589263916,"z":-0.24621160328388215,"w":0.6010069251060486},"size":0.5023385882377625,"orthographic":false}